account_id,customer_id,bsb,account_number,account_type,open_date,balance,credit_limit
ACC5650781,CUS32258310,063-000,9071428244,TRANSACTION,2023-04-20,19968.9,4511.68
ACC7549655,CUS02619147,063-000,7736209217,TRANSACTION,2025-11-02,3026.72,3686.51
ACC1105966,CUS20211780,036-000,6914938596,TRANSACTION,2024-03-01,45118.98,14888.35
ACC0746127,CUS31378670,062-900,0587477624,TRANSACTION,2025-05-29,22616.16,17647.41
ACC5649978,CUS18491833,124-000,5278120893,SAVINGS,2021-05-09,12860.62,
ACC6068586,CUS23857970,067-000,0577580206,SAVINGS,2022-03-02,8188.95,
ACC4521318,CUS30102017,017-000,2928251420,TRANSACTION,2025-04-25,58513.68,11652.11
ACC1806406,CUS23054684,062-900,6383815619,TRANSACTION,2022-02-16,66437.67,13133.36
ACC9959454,CUS76405102,067-000,2323086431,TRANSACTION,2023-11-12,4143.04,6102.17
ACC0952687,CUS41003852,065-000,5728559998,TRANSACTION,2023-08-27,69385.45,8842.27
ACC8997369,CUS62154202,065-900,3744033104,SAVINGS,2025-12-08,28744.02,
ACC4970572,CUS01456770,105-000,8819931238,OFFSET,2022-12-10,52018.81,
ACC7894820,CUS10776373,064-100,6727488628,SAVINGS,2025-07-20,30666.71,
ACC2634251,CUS55007139,036-000,1105827278,SAVINGS,2025-12-15,61580.93,
ACC2830156,CUS66357732,062-100,8686096620,TRANSACTION,2024-07-30,64501.14,9220.97
ACC1264364,CUS67437902,063-100,5705230465,OFFSET,2023-08-04,45590.81,
ACC9188681,CUS12598248,067-000,0523591301,TRANSACTION,2022-07-27,31952.74,18461.86
ACC4844609,CUS80796721,065-900,5288450648,SAVINGS,2022-10-09,20106.89,
ACC5315662,CUS65507730,105-000,6664236721,TRANSACTION,2024-08-07,71876.92,9189.21
ACC2047046,CUS08891656,066-000,6518009678,TRANSACTION,2023-06-23,7727.3,2848.09
ACC6410784,CUS49105647,063-100,3210512036,TRANSACTION,2023-09-10,63470.31,9598.88
ACC6098041,CUS62397020,083-000,3853562299,SAVINGS,2021-07-24,79691.65,
ACC2443668,CUS51926892,105-000,1261511681,TRANSACTION,2023-05-19,1412.74,14972.99
ACC0003936,CUS79197458,105-000,5638470070,SAVINGS,2025-05-09,23833.26,
ACC9249938,CUS66196828,124-000,1905293457,SAVINGS,2024-05-13,57906.32,
ACC4049636,CUS40712716,105-000,4085650716,TRANSACTION,2021-10-08,40860.69,3915.39
ACC3129783,CUS54921782,105-000,7402182253,TRANSACTION,2026-04-14,16313.43,8730.45
ACC7891756,CUS56969875,064-000,0112234705,TRANSACTION,2023-07-11,39344.15,4013.62
ACC1598414,CUS97330281,017-000,9183494442,SAVINGS,2025-10-18,19649.29,
ACC7097183,CUS18544039,063-000,3742534231,TRANSACTION,2025-01-04,65373.85,19603.72
ACC7878492,CUS73574319,064-100,5881493411,TRANSACTION,2025-01-29,75774.47,4972.29
ACC3746061,CUS83297383,062-900,5352137289,OFFSET,2022-11-07,60543.58,
ACC5606408,CUS31767646,036-000,7576108565,SAVINGS,2023-06-09,79614.37,
ACC9872759,CUS28447889,017-000,8633709908,TRANSACTION,2023-10-19,36393.15,6462.3
ACC6777211,CUS08414671,013-000,5480368404,SAVINGS,2025-01-15,44536.76,
ACC1050111,CUS03490408,066-000,3470284804,SAVINGS,2024-02-26,50672.69,
ACC2167884,CUS29139149,066-000,8769906542,OFFSET,2021-08-20,68841.01,
ACC0287272,CUS56304905,063-100,3431671091,SAVINGS,2026-04-05,39090.45,
ACC8366260,CUS32308446,124-000,9707178001,SAVINGS,2022-11-02,38101.35,
ACC8797507,CUS48687838,062-900,5268905222,SAVINGS,2022-07-21,52889.13,
ACC7901574,CUS75508665,017-000,5946124394,TRANSACTION,2024-09-24,69175.02,2975.08
ACC3966245,CUS58490286,063-000,4286020474,TRANSACTION,2022-04-01,27474.56,17510.11
ACC8103854,CUS31485478,066-000,1140833309,SAVINGS,2022-11-09,36164.78,
ACC2232216,CUS28559899,062-900,5901936120,SAVINGS,2021-10-01,20359.61,
ACC8689380,CUS94196029,083-000,1910764561,TRANSACTION,2022-10-17,68549.37,3762.36
ACC6034492,CUS35641941,062-000,8801874960,OFFSET,2023-08-27,67971.31,
ACC5280534,CUS18464871,124-000,8665180704,TRANSACTION,2022-04-19,17492.91,9218.73
ACC9317235,CUS90184536,062-100,6505943817,SAVINGS,2024-01-23,78832.05,
ACC2530165,CUS05000550,015-000,3179288941,SAVINGS,2023-05-27,55879.02,
ACC8008460,CUS20100014,065-900,6977458066,SAVINGS,2025-02-07,17807.22,
ACC4610473,CUS36442324,032-000,8818160199,TRANSACTION,2024-08-25,5346.13,7644.89
ACC6680521,CUS96772402,032-000,2886182532,TRANSACTION,2026-02-14,73591.28,11560.27
ACC9508352,CUS68237766,032-000,6784758256,SAVINGS,2022-04-11,15273.08,
ACC8276769,CUS59573402,063-100,6672149759,TRANSACTION,2025-03-22,75356.89,12254.16
ACC9274453,CUS44572987,032-000,5921371036,SAVINGS,2024-12-29,52761.17,
ACC4456809,CUS31885018,017-000,7909607658,SAVINGS,2024-11-20,57437.25,
ACC6724851,CUS80633284,016-000,9806675249,SAVINGS,2025-04-26,53899.37,
ACC1247779,CUS13161757,015-000,0701553603,SAVINGS,2025-09-29,60273.23,
ACC8335627,CUS08121678,063-000,8817902771,TRANSACTION,2025-12-28,79877.13,19929.74
ACC6585865,CUS24064172,063-100,3905287678,TRANSACTION,2024-01-27,11030.3,8282.16
ACC3287231,CUS58490798,063-100,7141797510,SAVINGS,2024-06-02,13040.87,
ACC6596274,CUS90108127,105-000,1938727077,OFFSET,2024-04-26,64664.45,
ACC4958512,CUS79900469,032-000,4706081239,SAVINGS,2024-01-28,53239.4,
ACC4692951,CUS39191371,014-000,8865706223,SAVINGS,2023-09-16,9009.36,
ACC9316134,CUS72021661,014-000,9440526046,SAVINGS,2023-07-12,17245.06,
ACC2887953,CUS09129362,067-000,5513644675,TRANSACTION,2022-11-14,68306.57,11097.36
ACC5961339,CUS42804634,065-000,2007787338,SAVINGS,2023-04-12,34174.27,
ACC9477523,CUS98517713,065-000,7415086506,SAVINGS,2023-07-04,61803.98,
ACC7382101,CUS48053507,065-000,9495650803,TRANSACTION,2021-06-13,44358.59,9698.36
ACC2874523,CUS98199575,062-000,5871600406,SAVINGS,2024-03-27,70706.96,
ACC6778658,CUS25383072,064-000,4699517939,TRANSACTION,2022-05-19,46809.51,4665.69
ACC5307394,CUS37862528,064-000,9657248764,SAVINGS,2025-05-14,71969.03,
ACC9202750,CUS28298230,062-200,6300405713,SAVINGS,2025-05-05,20337.61,
ACC5549552,CUS35643210,013-000,7068212545,TRANSACTION,2022-02-05,70788.71,9314.79
ACC4916420,CUS46896282,064-100,4353455771,TRANSACTION,2022-09-07,78108.38,16593.89
ACC9436277,CUS85460434,062-900,2226577380,SAVINGS,2021-09-11,73996.74,
ACC1045441,CUS70841798,062-900,7753801942,SAVINGS,2025-06-15,63096.27,
ACC5183567,CUS68559521,083-000,2121019095,TRANSACTION,2022-09-24,68758.16,6003.81
ACC8183382,CUS80959960,065-900,1147498922,SAVINGS,2023-10-10,63729.97,
ACC4531470,CUS85759896,066-000,5708862190,SAVINGS,2022-05-26,15853.82,
ACC4105163,CUS83207211,017-000,8070806702,TRANSACTION,2025-08-07,77367.68,7024.25
ACC7685298,CUS57397168,032-900,7937105680,OFFSET,2022-01-15,9669.67,
ACC1223631,CUS41930616,065-000,0402595813,TRANSACTION,2024-04-14,78692.27,2688.63
ACC3593809,CUS05342944,032-900,7785029067,TRANSACTION,2023-07-12,25437.35,12911.76
ACC4912286,CUS22682795,083-000,8236468715,TRANSACTION,2022-12-30,15611.26,2798.96
ACC8060658,CUS35625753,062-900,4427916411,TRANSACTION,2022-05-23,64617.61,14363.43
ACC9261920,CUS14254572,016-000,9525778695,TRANSACTION,2023-03-15,75935.52,18573.88
ACC1254993,CUS42647554,067-000,6564445063,TRANSACTION,2023-08-23,24375.62,7567.12
ACC0770840,CUS64042533,032-900,8446843546,TRANSACTION,2024-08-17,24004.59,4291.18
ACC0570473,CUS32431478,032-900,1978794779,TRANSACTION,2024-04-04,72273.04,13079.27
ACC2252336,CUS12037490,015-000,9525873329,TRANSACTION,2022-03-27,532.27,7164.45
ACC1596364,CUS74763388,032-900,9612495374,TRANSACTION,2022-01-23,35651.7,5846.63
ACC4088390,CUS18314492,065-900,4686758091,TRANSACTION,2022-05-23,23061.02,13949.37
ACC5091431,CUS64271362,067-000,8597647837,TRANSACTION,2024-11-20,60215.48,14110.32
ACC3224908,CUS27874306,066-000,4024472887,SAVINGS,2024-01-16,4173.99,
ACC2163746,CUS51940378,065-900,6039607950,TRANSACTION,2025-08-31,70947.88,12362.08
ACC8549665,CUS54573327,032-900,8088696037,SAVINGS,2022-04-10,12231.92,
ACC6640830,CUS17316340,062-000,1963275931,TRANSACTION,2022-11-22,17897.87,16473.98
ACC8810517,CUS05646622,065-900,7802986176,TRANSACTION,2021-08-30,73438.87,4184.45
ACC0189875,CUS70549072,124-000,2607048618,TRANSACTION,2023-12-31,79037.45,12718.14
ACC9468165,CUS28485956,065-900,0641662790,TRANSACTION,2023-03-23,44055.82,18149.75
ACC8422658,CUS33964125,065-900,8429224449,SAVINGS,2021-10-26,20155.56,
ACC8036135,CUS09293305,105-000,6741807818,TRANSACTION,2022-08-18,19520.05,9917.71
ACC0814284,CUS43565709,065-000,6713630659,SAVINGS,2024-04-03,25916.91,
ACC5792993,CUS56814627,063-100,2124378416,SAVINGS,2023-09-15,30951.31,
ACC2562570,CUS69791203,064-100,2149736920,SAVINGS,2021-11-06,32904.15,
ACC3294112,CUS42674434,065-900,1430534780,SAVINGS,2021-09-12,66714.85,
ACC9885138,CUS95715858,062-900,2848500865,TRANSACTION,2025-07-11,61364.77,8846.86
ACC0867762,CUS54460376,062-200,8642947749,SAVINGS,2023-06-10,31503.94,
ACC3476169,CUS81931124,062-900,8551345723,TRANSACTION,2023-10-02,22198.36,10741.56
ACC8439910,CUS84744057,032-900,5352452893,TRANSACTION,2024-10-18,63952.31,15035.26
ACC9218067,CUS90898457,065-900,6730271822,OFFSET,2026-01-12,42962.83,
ACC0415527,CUS55655623,062-900,5663175547,SAVINGS,2026-03-18,34574.72,
ACC3680154,CUS48150617,065-900,2963167467,SAVINGS,2023-12-30,30638.76,
ACC2005307,CUS81750517,016-000,2250822305,SAVINGS,2025-03-24,61017.76,
ACC9830692,CUS56595632,032-900,9985999311,TRANSACTION,2023-03-08,66637.98,6540.89
ACC9855492,CUS87543457,083-000,8045627897,SAVINGS,2024-03-14,43383.81,
ACC1709279,CUS46698804,067-000,0393010928,TRANSACTION,2024-07-11,62608.03,13731.58
ACC1171270,CUS15184790,062-100,5150222827,SAVINGS,2022-04-11,2120.21,
ACC0883096,CUS39580075,064-100,5438906014,SAVINGS,2021-06-20,53721.98,
ACC7668383,CUS52544300,016-000,7386859324,TRANSACTION,2021-06-11,61468.4,5020.2
ACC9009498,CUS76709125,063-100,2514938629,OFFSET,2024-04-13,9093.85,
ACC8589685,CUS95674821,062-200,9537978386,TRANSACTION,2021-11-07,72688.08,8755.53
ACC3282443,CUS83281392,066-000,2826215045,TRANSACTION,2022-08-05,66530.44,6371.29
ACC9043381,CUS67954436,105-000,8888058934,TRANSACTION,2021-06-30,10123.88,19709.2
ACC8842898,CUS51184212,062-200,0395147866,TRANSACTION,2023-12-19,53090.95,3241.22
ACC2138440,CUS85876518,067-000,8343908025,TRANSACTION,2021-09-10,65875.31,3899.7
ACC5421036,CUS21133190,017-000,3179987887,TRANSACTION,2024-05-27,35121.23,15208.32
ACC5101541,CUS28107122,105-000,8293600249,TRANSACTION,2022-03-12,43284.75,10702.96
ACC4696081,CUS86208812,032-900,5881576641,SAVINGS,2025-06-06,20016.87,
ACC3296887,CUS92948681,013-000,3384632354,TRANSACTION,2023-03-29,19887.14,10364.75
ACC4061302,CUS59919628,032-900,7872774100,SAVINGS,2023-10-21,68150.75,
ACC9590297,CUS31798860,124-000,5414302525,SAVINGS,2025-03-31,63927.67,
ACC4567825,CUS91498162,017-000,7895035627,TRANSACTION,2021-07-31,56244.11,6972.83
ACC2039284,CUS64890294,032-000,1387913262,OFFSET,2023-08-05,7306.23,
ACC8154262,CUS40186664,032-900,8427840722,TRANSACTION,2021-10-24,19605.75,10569.68
ACC6176899,CUS38031632,065-900,3163555648,TRANSACTION,2023-07-12,7897.74,5988.74
ACC4035993,CUS24472840,016-000,0226480659,TRANSACTION,2026-01-11,29837.13,11962.51
ACC4523295,CUS97456029,017-000,1997093062,OFFSET,2025-10-31,44255.88,
ACC1415455,CUS93827226,017-000,5686054965,SAVINGS,2025-09-12,20486.59,
ACC2121783,CUS61725327,063-100,7621135876,SAVINGS,2021-10-25,59559.04,
ACC2659975,CUS05086540,064-100,1537465148,SAVINGS,2021-06-14,38993.79,
ACC7291773,CUS91293327,065-000,9873928091,TRANSACTION,2024-10-03,24051.59,8495.86
ACC5674727,CUS04372527,065-000,3783940487,TRANSACTION,2022-04-21,10563.35,2819.28
ACC3855668,CUS19637669,032-000,8051212980,SAVINGS,2023-10-22,75555.12,
ACC2517489,CUS77033048,065-900,3872554400,TRANSACTION,2022-03-04,46138.11,10449.15
ACC3852966,CUS68088267,065-900,9091680158,SAVINGS,2021-07-01,4584.45,
ACC8759760,CUS43763498,065-900,7394488186,TRANSACTION,2024-12-18,32356.24,3333.48
ACC7528759,CUS04226808,062-100,9181343491,SAVINGS,2022-11-12,45245.75,
ACC9532060,CUS93427366,065-000,2341747458,OFFSET,2024-10-15,9916.9,
ACC0480783,CUS60501392,062-900,7615796823,TRANSACTION,2024-04-12,30740.05,18353.08
ACC0670908,CUS39070026,105-000,7337459677,OFFSET,2023-02-27,24777.73,
ACC2728340,CUS89506183,032-000,9426656157,OFFSET,2024-12-09,8389.07,
ACC0801126,CUS54801350,036-000,9142798506,SAVINGS,2025-06-05,53004.04,
ACC1720704,CUS90020127,064-100,8136464642,SAVINGS,2021-12-14,6467.66,
ACC2272264,CUS79526997,033-000,7177903621,TRANSACTION,2025-12-12,47707.99,7242.67
ACC5763841,CUS68121269,016-000,0509416546,TRANSACTION,2025-03-04,56387.51,10172.56
ACC3258406,CUS06617534,016-000,3136078516,TRANSACTION,2024-10-26,50192.11,13901.29
ACC6295864,CUS39204205,016-000,8791449735,SAVINGS,2024-11-11,18372.35,
ACC7745998,CUS57344132,014-000,4782061098,TRANSACTION,2022-06-12,6177.08,4986.61
ACC7102322,CUS33119610,105-000,9047376608,TRANSACTION,2025-11-10,45751.96,7194.99
ACC0992121,CUS35653634,083-000,4209462348,TRANSACTION,2024-12-25,56128.83,18968.17
ACC8697397,CUS72300233,065-900,2931355702,SAVINGS,2024-04-19,3668.93,
ACC9790739,CUS99526366,032-900,6863312233,TRANSACTION,2023-05-19,2556.26,6120.64
ACC6310036,CUS39614318,062-200,9533584035,TRANSACTION,2026-04-14,61167.17,5153.43
ACC0059153,CUS26259066,065-900,2621614761,SAVINGS,2022-02-01,47033.71,
ACC6165910,CUS26842730,065-900,0424339159,TRANSACTION,2021-10-24,32963.67,7779.05
ACC5798233,CUS16583353,063-100,6810296115,SAVINGS,2023-05-19,55647.06,
ACC3710025,CUS41295736,105-000,6490329452,OFFSET,2025-09-06,65178.5,
ACC9226858,CUS39925481,033-000,2505626771,SAVINGS,2024-08-17,20565.71,
ACC3842672,CUS27933633,083-000,8210089312,TRANSACTION,2025-06-16,66081.71,2020.72
ACC4104884,CUS38224159,065-900,5506575947,SAVINGS,2024-06-17,41715.93,
ACC6363204,CUS09425879,065-900,2096399766,TRANSACTION,2022-03-11,16682.88,11885.95
ACC6980185,CUS43181470,015-000,8492384166,TRANSACTION,2021-09-24,39034.59,2519.65
ACC5004188,CUS68570063,036-000,8615862014,SAVINGS,2023-12-02,44291.7,
ACC9525394,CUS85990478,062-900,5720807313,SAVINGS,2026-03-22,67391.75,
ACC9356103,CUS97315723,083-000,9213081828,OFFSET,2026-03-12,51992.92,
ACC3300228,CUS02400179,124-000,6708825559,OFFSET,2026-03-12,23702.99,
ACC4520267,CUS33636654,015-000,3281768685,TRANSACTION,2025-06-19,78429.45,6387.16
ACC8888038,CUS03430234,124-000,0327522208,SAVINGS,2022-03-23,48150.52,
ACC0226531,CUS92248773,064-000,3833046746,SAVINGS,2026-02-22,63305.49,
ACC2483281,CUS73570646,032-900,9462278672,OFFSET,2025-07-24,40865.15,
ACC9761867,CUS56257855,062-200,5419496133,TRANSACTION,2023-07-09,67079.34,12438.62
ACC6986314,CUS25493645,065-900,3468051022,TRANSACTION,2024-10-28,39005.14,7983.92
ACC3674246,CUS14242194,032-900,6672716933,OFFSET,2021-07-25,69633.33,
ACC0286043,CUS85476120,036-000,3649152994,SAVINGS,2023-08-08,68553.03,
ACC7455330,CUS43250461,062-900,0184243835,SAVINGS,2024-05-12,38101.61,
ACC8064940,CUS79753674,032-900,0789402980,OFFSET,2023-07-03,63495.3,
ACC3792712,CUS96905100,124-000,4898020005,OFFSET,2025-11-05,10536.58,
ACC1788746,CUS61840825,067-000,5605072067,TRANSACTION,2024-02-11,35504.34,11467.12
ACC5317701,CUS24075992,065-900,3370538768,TRANSACTION,2023-02-20,33093.3,13786.06
ACC8157979,CUS48196525,064-000,7854650750,TRANSACTION,2024-02-19,77551.69,8094.1
ACC9621033,CUS50124582,062-900,8090916619,TRANSACTION,2022-02-03,68261.14,17468.16
ACC2743065,CUS83679278,032-900,5628881936,TRANSACTION,2023-03-16,71051.38,10783.05
ACC6079175,CUS81341822,032-000,0621568741,SAVINGS,2024-08-19,50677.3,
ACC4777271,CUS87902276,065-000,5013730210,TRANSACTION,2023-02-12,35000.73,3771.98
ACC6323723,CUS71632785,083-000,8682616119,SAVINGS,2024-07-20,24307.55,
ACC6948131,CUS92771449,062-000,0697468223,SAVINGS,2021-05-11,4961.48,
ACC9486865,CUS86676758,017-000,5784856457,TRANSACTION,2021-10-16,19913.7,9416.93
ACC5363454,CUS79254569,064-100,2335423990,SAVINGS,2021-12-31,48954.6,
ACC8498287,CUS84539005,062-900,5399960100,TRANSACTION,2026-02-25,46860.99,6179.39
ACC3614312,CUS38896373,015-000,9507013392,SAVINGS,2021-10-16,1247.1,
ACC0959053,CUS92301723,065-900,4869502076,TRANSACTION,2026-01-11,13059.06,9951.14
ACC1670914,CUS25964133,017-000,0709185911,TRANSACTION,2023-03-29,34232.56,6501.77
ACC5410630,CUS70644033,065-000,2013079123,OFFSET,2024-04-02,68340.17,
ACC0785090,CUS75037084,063-100,8919075185,SAVINGS,2023-10-07,29037.25,
ACC0075000,CUS11855613,105-000,9444733494,SAVINGS,2024-12-05,78246.59,
ACC1490346,CUS24239203,032-900,3221251899,SAVINGS,2021-10-01,69272.86,
ACC5376277,CUS60647828,032-000,4793897941,TRANSACTION,2026-01-09,66710.69,18252.83
ACC6899705,CUS66026755,036-000,3568093859,TRANSACTION,2025-04-09,17910.86,5422.38
ACC3737173,CUS80262502,105-000,2669090458,TRANSACTION,2022-08-06,61513.93,14255.39
ACC4493124,CUS27027677,064-000,0632303882,OFFSET,2025-08-31,51884.08,
ACC5884731,CUS68931348,015-000,6407213043,SAVINGS,2026-03-11,29506.47,
ACC3756192,CUS67130254,064-000,8819815125,OFFSET,2025-07-12,26474.17,
ACC6341710,CUS82926827,062-900,4036855509,SAVINGS,2023-10-19,63027.77,
ACC9872456,CUS83662209,017-000,6303746616,TRANSACTION,2021-08-22,20929.12,16844.42
ACC3053672,CUS84730258,065-900,0239173933,TRANSACTION,2026-04-24,27427.86,4073.05
ACC5484086,CUS02604370,063-100,9580359792,TRANSACTION,2024-06-13,18436.37,14173.83
ACC9413866,CUS18439141,032-900,4628626459,SAVINGS,2026-04-28,31868.68,
ACC8145566,CUS13058313,105-000,7874093844,SAVINGS,2024-10-10,29802.56,
ACC1226088,CUS44516220,105-000,3083082081,SAVINGS,2024-02-10,51264.67,
ACC0409148,CUS28072685,067-000,9672482261,TRANSACTION,2024-09-01,37982.41,13151.84
ACC4891189,CUS73771996,067-000,4934226157,TRANSACTION,2025-01-08,51014.61,10356.82
ACC1187496,CUS08910970,105-000,5730194433,TRANSACTION,2025-04-27,11612.27,19032.71
ACC8450819,CUS52943882,015-000,7534141094,SAVINGS,2025-10-27,19166.6,
ACC9522082,CUS78857073,124-000,6700727190,TRANSACTION,2025-06-01,53803.65,15376.52
ACC8828968,CUS64604996,062-900,4244387976,TRANSACTION,2025-05-14,52566.29,17006.48
ACC0987843,CUS56792917,032-900,8611845992,SAVINGS,2023-10-07,29957.13,
ACC6384796,CUS70776338,065-900,9661229045,OFFSET,2023-03-18,68508.29,
ACC1740539,CUS94948726,013-000,3662603255,TRANSACTION,2023-10-25,78238.48,8456.13
ACC8875386,CUS86262295,032-900,0844067283,SAVINGS,2025-01-19,10211.7,
ACC8700329,CUS00792274,065-900,3599319708,TRANSACTION,2022-05-09,51515.51,12748.63
ACC5143444,CUS64853614,062-000,6035274080,TRANSACTION,2023-04-17,19863.73,4266.63
ACC6576138,CUS46122504,066-000,2243371893,TRANSACTION,2024-02-09,44559.52,12554.9
ACC8006265,CUS77358414,016-000,8543042519,TRANSACTION,2023-09-26,63197.18,12727.67
ACC1686593,CUS25214164,065-000,6640471827,OFFSET,2022-04-17,43447.13,
ACC0829860,CUS49018452,064-000,1421405352,TRANSACTION,2021-11-23,2549.52,2267.49
ACC6771718,CUS15013361,036-000,5577956307,SAVINGS,2022-10-23,14352.57,
ACC5812490,CUS44668981,062-100,5208498219,TRANSACTION,2025-08-05,42323.8,15421.97
ACC9499546,CUS19354847,065-900,4396527569,TRANSACTION,2021-12-18,41302.42,3962.97
ACC0163723,CUS88710772,036-000,1998311129,SAVINGS,2021-07-10,62766.55,
ACC1659545,CUS45755279,015-000,9792442420,TRANSACTION,2026-04-04,2976.48,19974.56
ACC2849396,CUS78997021,032-900,0794221739,TRANSACTION,2025-04-13,39476.37,18374.61
ACC0620522,CUS53190806,063-000,5124012872,SAVINGS,2025-06-28,12292.54,
ACC3333054,CUS13976415,014-000,4493138815,TRANSACTION,2025-05-06,47036.49,14818.75
ACC3977964,CUS91672532,032-900,9669236600,TRANSACTION,2024-04-30,48631.43,3785.21
ACC3774981,CUS83512007,063-100,0422528798,TRANSACTION,2024-08-20,71103.24,9448.64
ACC7910999,CUS63108150,065-900,2535633862,TRANSACTION,2021-09-17,8059.32,9681.75
ACC9369907,CUS82499131,015-000,2760696904,OFFSET,2026-02-18,55102.27,
ACC7428747,CUS69126813,065-900,6081960771,SAVINGS,2023-02-19,7286.47,
ACC7948069,CUS42896729,062-900,9486601123,TRANSACTION,2025-11-01,30125.43,4342.08
ACC3195747,CUS45278396,032-000,1282802882,OFFSET,2026-04-21,45153.83,
ACC0623785,CUS15937945,083-000,1049658466,SAVINGS,2022-09-12,53394.57,
ACC0251561,CUS49743571,062-900,1702681529,OFFSET,2024-02-24,48232.6,
ACC4417317,CUS88158419,067-000,8785137775,TRANSACTION,2023-10-31,17412.74,13821.25
ACC6489573,CUS13326541,066-000,4325345091,SAVINGS,2026-01-18,44723.11,
ACC2948772,CUS87419556,013-000,6232541652,TRANSACTION,2022-06-11,64674.1,17212.79
ACC4887443,CUS96315735,032-000,9993094603,OFFSET,2024-09-22,66442.13,
ACC0240150,CUS78963649,065-000,2042980449,SAVINGS,2023-06-23,56364.55,
ACC4075020,CUS77945023,015-000,0034052798,SAVINGS,2024-06-05,14921.74,
ACC0216549,CUS34026878,124-000,3359412403,SAVINGS,2022-05-12,59407.04,
ACC5058405,CUS85497485,062-000,3248014305,TRANSACTION,2025-07-09,17603.06,9556.98
ACC8951493,CUS00591171,067-000,1578533555,SAVINGS,2024-11-13,57866.88,
ACC7462589,CUS51195129,063-000,5711359378,SAVINGS,2025-12-22,60477.65,
ACC0824883,CUS37585341,062-000,1105435497,SAVINGS,2026-02-02,53124.13,
ACC6633175,CUS22355164,065-900,1977588768,TRANSACTION,2023-11-20,17637.73,11222.23
ACC1793210,CUS14352814,017-000,1278166004,SAVINGS,2022-08-19,54418.32,
ACC2738046,CUS67166282,065-900,8215803957,SAVINGS,2026-04-15,31923.44,
ACC6634582,CUS82070307,062-000,4796823015,SAVINGS,2025-12-31,75653.26,
ACC7005519,CUS53709595,014-000,6898781296,SAVINGS,2026-01-20,10038.76,
ACC6822883,CUS04003270,065-900,0508405980,SAVINGS,2025-09-15,30726.49,
ACC7203779,CUS17647463,036-000,8731606985,TRANSACTION,2025-06-05,53609.83,8375.01
ACC7937080,CUS41424670,062-900,8960316081,TRANSACTION,2024-06-24,37050.46,3401.53
ACC9346480,CUS17893448,017-000,4931822617,TRANSACTION,2024-06-28,56905.17,9518.49
ACC9980076,CUS63397796,083-000,0169999742,SAVINGS,2022-06-18,26319.07,
ACC2588162,CUS29027129,065-900,1054579658,SAVINGS,2021-08-03,67636.51,
ACC2748441,CUS37632647,016-000,9584929782,TRANSACTION,2023-03-07,42155.02,9123.8
ACC0626827,CUS49867697,105-000,7698847316,SAVINGS,2024-04-25,26978.96,
ACC5393423,CUS34767176,064-000,6769223516,TRANSACTION,2024-07-27,9565.12,11179.14
ACC1866206,CUS42151214,017-000,8575731932,TRANSACTION,2025-09-03,65606.41,16670.67
ACC7652032,CUS77992011,066-000,1476113642,SAVINGS,2021-10-30,16183.11,
ACC2841445,CUS10288606,064-000,4661397657,SAVINGS,2022-01-02,61941.42,
ACC0328446,CUS47658548,065-900,0353759706,TRANSACTION,2021-10-15,60910.23,10080.29
ACC9519383,CUS73284631,017-000,2899285525,SAVINGS,2025-05-11,5928.76,
ACC9560496,CUS17572137,065-900,3642387081,TRANSACTION,2022-02-16,47517.87,8334.96
ACC4801711,CUS52241621,013-000,6806845242,TRANSACTION,2026-01-05,3489.78,8637.28
ACC1306682,CUS74488067,065-000,4668744785,TRANSACTION,2021-05-05,78200.8,3625.34
ACC3994570,CUS10993416,032-900,4898936021,TRANSACTION,2026-04-21,76361.4,15300.58
ACC3531128,CUS90715959,033-000,3400133214,OFFSET,2022-03-02,45946.71,
ACC3059099,CUS32376299,016-000,1610915130,TRANSACTION,2023-06-27,40358.7,19239.0
ACC0825868,CUS55140291,065-900,9521672552,TRANSACTION,2023-05-07,67071.49,19682.94
ACC4914111,CUS20880328,063-100,7717204861,SAVINGS,2022-04-23,56755.93,
ACC7104988,CUS33935918,065-900,0194527263,SAVINGS,2024-12-05,73475.97,
ACC1845105,CUS87134159,032-900,2752130551,TRANSACTION,2025-12-26,54472.37,2942.58
ACC8394176,CUS85122179,067-000,0882408483,SAVINGS,2025-12-23,44858.08,
ACC0744150,CUS53587284,032-900,5400112389,SAVINGS,2026-03-08,68199.52,
ACC1068821,CUS22896587,014-000,3756110889,SAVINGS,2024-12-18,53257.16,
ACC9198055,CUS33500147,017-000,2962432640,OFFSET,2024-08-05,56029.16,
ACC3184853,CUS46327223,062-900,5040246764,TRANSACTION,2022-01-01,75071.17,7572.47
ACC4348906,CUS29827091,032-900,9471529481,TRANSACTION,2025-01-23,53774.25,16921.26
ACC7250673,CUS08963737,083-000,9854646800,TRANSACTION,2022-01-06,1949.33,7559.59
ACC6978704,CUS82938796,016-000,6003582055,OFFSET,2021-06-01,39158.54,
ACC5435929,CUS87736712,066-000,9504030914,SAVINGS,2021-11-01,24015.47,
ACC4302329,CUS11079881,063-000,5770792642,TRANSACTION,2026-03-11,70173.23,13124.57
ACC1556953,CUS17352485,062-900,9730484006,SAVINGS,2023-09-23,66591.93,
ACC3397189,CUS20310149,124-000,3321125274,SAVINGS,2025-03-16,29461.8,
ACC4862985,CUS66715249,016-000,5510496738,TRANSACTION,2025-11-10,60315.1,16108.41
ACC1586043,CUS78692983,036-000,6324856913,SAVINGS,2024-08-31,77264.93,
ACC6342128,CUS11337093,065-900,8759789753,SAVINGS,2024-08-04,75796.85,
ACC8059173,CUS04199170,065-900,4061708082,TRANSACTION,2021-11-05,62360.86,11052.32
ACC4513075,CUS70247266,062-900,9355273011,TRANSACTION,2022-05-10,64200.11,4491.17
ACC4594957,CUS42528582,065-000,5801909365,TRANSACTION,2022-03-14,69992.3,11981.73
ACC4303557,CUS95330279,063-000,2637366883,SAVINGS,2024-03-29,61167.79,
ACC4096898,CUS75654820,015-000,9709688849,OFFSET,2025-07-14,12214.22,
ACC9350518,CUS19911742,062-900,7294962864,OFFSET,2023-02-25,18152.02,
ACC8888580,CUS21382442,065-900,3664857348,OFFSET,2023-05-28,33484.3,
ACC2923547,CUS18236229,032-900,7228057795,SAVINGS,2022-01-23,79564.77,
ACC8661365,CUS59236050,067-000,0553649626,SAVINGS,2024-02-23,74500.66,
ACC0357787,CUS97539574,067-000,7071437281,SAVINGS,2022-05-10,23306.91,
ACC2914332,CUS05989620,065-900,9131536423,TRANSACTION,2025-08-07,37794.26,13076.27
ACC4326349,CUS18662527,063-000,3054136915,SAVINGS,2022-05-31,66879.57,
ACC6307388,CUS42268946,062-900,4036482401,TRANSACTION,2022-06-29,19392.4,4193.27
ACC0295079,CUS20104584,016-000,6966593133,TRANSACTION,2022-06-20,50013.44,3130.53
ACC4492218,CUS13450990,065-900,6878302624,TRANSACTION,2023-01-02,46216.27,14933.8
ACC5941685,CUS66738863,015-000,4075653607,SAVINGS,2022-08-24,28548.88,
ACC6069341,CUS13436235,062-900,0752447701,TRANSACTION,2025-03-15,7306.31,19543.78
ACC6328427,CUS79578031,063-000,1552095590,SAVINGS,2025-04-12,37875.74,
ACC0574009,CUS02805942,032-900,7485916446,SAVINGS,2021-12-07,1791.26,
ACC0973061,CUS52022521,013-000,6483636437,SAVINGS,2024-10-10,52739.8,
ACC8427707,CUS80972585,013-000,7887303216,SAVINGS,2021-10-30,28507.77,
ACC1419414,CUS66155254,067-000,4789950630,TRANSACTION,2022-04-28,54932.26,19654.75
ACC1213262,CUS46880360,065-900,3320084975,TRANSACTION,2024-10-02,5516.49,15971.43
ACC5143874,CUS42283362,065-900,2656214070,SAVINGS,2022-03-08,3982.6,
ACC9519972,CUS69106623,066-000,3953040127,SAVINGS,2022-04-09,25151.03,
ACC6901352,CUS15439619,032-900,4881132175,SAVINGS,2025-05-25,60386.63,
ACC3426948,CUS76155082,016-000,3109578747,SAVINGS,2023-10-10,62576.9,
ACC0356578,CUS66747449,017-000,1140745327,SAVINGS,2025-04-15,29757.52,
ACC8606770,CUS64005324,032-900,0520382066,TRANSACTION,2021-06-29,31238.26,19527.02
ACC2697150,CUS96723418,065-900,7637478025,SAVINGS,2023-09-02,63884.62,
ACC1565950,CUS04137546,065-000,5684229536,TRANSACTION,2024-10-19,6774.7,12844.16
ACC6372963,CUS11472949,014-000,4131655116,SAVINGS,2022-07-17,6865.48,
ACC9086127,CUS13486672,015-000,1971979804,TRANSACTION,2021-05-18,57554.2,4999.61
ACC8525075,CUS08406420,065-900,6833146823,TRANSACTION,2024-04-26,58281.74,18408.93
ACC0777544,CUS83165532,032-900,3611101223,TRANSACTION,2024-07-23,63422.49,3032.45
ACC1513426,CUS60648524,032-900,2962477483,TRANSACTION,2023-03-02,60116.89,4879.76
ACC3785571,CUS61013452,062-100,3801719532,TRANSACTION,2021-06-09,54408.07,9887.11
ACC5264202,CUS19934624,064-000,3075425488,SAVINGS,2024-02-26,51790.45,
ACC2757425,CUS96846306,017-000,7502256149,OFFSET,2025-07-20,3074.63,
ACC8033026,CUS90050379,124-000,1698554328,OFFSET,2024-03-25,30075.06,
ACC7605618,CUS23799679,063-100,3056852739,TRANSACTION,2025-02-14,32143.71,13692.09
ACC7218867,CUS93277383,066-000,9406417488,SAVINGS,2024-10-22,15290.82,
ACC9840140,CUS41635854,062-900,2269597750,SAVINGS,2025-12-28,21193.04,
ACC0063705,CUS86033935,065-900,7123489838,OFFSET,2021-12-07,23203.36,
ACC0125997,CUS17656899,065-900,3311830469,SAVINGS,2023-11-13,68299.69,
ACC2169125,CUS54687917,065-900,7081361080,TRANSACTION,2022-05-30,35886.34,3580.23
ACC7059189,CUS96755515,017-000,6733920368,TRANSACTION,2024-08-09,44224.77,7226.52
ACC7925698,CUS62333510,065-000,1726039779,TRANSACTION,2026-01-31,74222.29,13478.6
ACC4508415,CUS58238566,067-000,4132979275,SAVINGS,2026-01-15,16477.94,
ACC7844496,CUS88601110,064-100,3042639105,TRANSACTION,2025-07-12,2589.58,11972.39
ACC7776473,CUS05370956,017-000,8151720998,TRANSACTION,2025-07-20,44355.93,13015.07
ACC4806586,CUS75245182,063-000,2289821933,SAVINGS,2022-08-05,79967.81,
ACC9365066,CUS85139275,065-900,2854574135,TRANSACTION,2022-08-13,65955.48,3327.51
ACC1484884,CUS21765103,067-000,4563922945,TRANSACTION,2024-08-01,54568.66,8201.27
ACC4215606,CUS21567022,064-100,6030455328,TRANSACTION,2021-07-16,72901.63,2997.43
ACC0990978,CUS48004435,063-100,4186588667,SAVINGS,2025-07-27,13376.37,
ACC8546176,CUS66424529,016-000,2775993004,OFFSET,2024-05-16,41752.37,
ACC3862531,CUS26434095,065-000,8508241629,SAVINGS,2022-02-10,50987.04,
ACC5009595,CUS79447828,065-000,9829037802,TRANSACTION,2025-10-12,49347.05,3681.71
ACC8334937,CUS58635528,064-100,0849546602,SAVINGS,2023-12-31,50146.1,
ACC5881909,CUS85881944,067-000,6555898192,TRANSACTION,2021-06-16,2755.69,2818.31
ACC0899552,CUS81496125,105-000,4227908247,SAVINGS,2022-06-05,45984.91,
ACC7050738,CUS26392074,033-000,1118577333,TRANSACTION,2025-03-10,43873.41,13554.33
ACC7402320,CUS93281420,015-000,4805806786,SAVINGS,2025-04-19,64684.27,
ACC8480444,CUS40785234,032-900,6991686233,TRANSACTION,2023-11-06,55244.78,4845.45
ACC2247935,CUS88646948,032-900,1815604491,TRANSACTION,2024-05-26,27545.31,4586.04
ACC9613896,CUS45820620,017-000,1999435178,OFFSET,2023-06-20,10895.91,
ACC1993048,CUS16824137,067-000,9666529600,SAVINGS,2025-08-20,37584.57,
ACC5439931,CUS61232573,015-000,1057986609,SAVINGS,2022-07-30,8196.53,
ACC0786996,CUS25437128,015-000,2894838937,TRANSACTION,2023-01-16,33741.71,19328.35
ACC4993926,CUS27578473,014-000,9299621865,OFFSET,2023-01-26,57829.71,
ACC6458275,CUS99726727,066-000,3477315736,TRANSACTION,2021-12-28,41420.62,10977.67
ACC5295250,CUS79760176,015-000,8725508032,SAVINGS,2021-12-23,75646.01,
ACC4559226,CUS94697780,065-900,7726134572,SAVINGS,2023-11-09,28555.16,
ACC3895123,CUS33051469,062-200,7747334748,TRANSACTION,2022-02-10,70645.99,13776.68
ACC5364494,CUS55334706,065-900,5362448332,TRANSACTION,2021-11-13,67850.2,9756.7
ACC7460606,CUS92531141,105-000,3488335055,SAVINGS,2025-07-28,32558.7,
ACC9824898,CUS82343510,033-000,7976151060,SAVINGS,2026-03-07,45164.44,
ACC4794017,CUS24735014,017-000,2245199006,SAVINGS,2024-07-29,40588.31,
ACC2893932,CUS94471365,105-000,1062288784,TRANSACTION,2025-12-31,9945.48,19551.49
ACC3567788,CUS92457856,032-900,4791648249,TRANSACTION,2025-10-11,27457.28,18901.07
ACC2107384,CUS37153441,064-100,6745731578,TRANSACTION,2026-04-11,32410.27,2724.59
ACC5604848,CUS14575133,062-100,5368368622,TRANSACTION,2025-03-18,64415.29,11347.99
ACC2253069,CUS89021785,064-100,8187763404,SAVINGS,2022-04-22,49238.92,
ACC2409072,CUS00553293,124-000,0329789778,OFFSET,2026-03-12,59275.89,
ACC7597892,CUS14714256,105-000,9183670475,SAVINGS,2021-10-19,66349.01,
ACC3656452,CUS99103966,065-900,7004322710,TRANSACTION,2025-06-12,1822.64,7962.31
ACC5623164,CUS34162160,083-000,5273791999,TRANSACTION,2022-10-21,63842.01,15055.84
ACC4491043,CUS99437586,032-000,5495420593,TRANSACTION,2022-04-30,77382.12,16092.27
ACC6065040,CUS19566853,036-000,7572868967,SAVINGS,2025-03-13,38695.68,
ACC2107458,CUS18337516,062-900,6578664850,TRANSACTION,2026-02-12,19754.63,12306.26
ACC1241995,CUS17281600,063-100,3122264232,SAVINGS,2021-05-28,25438.55,
ACC2004179,CUS53053588,124-000,4853772384,TRANSACTION,2023-03-08,33125.0,15949.5
ACC6716839,CUS78992401,065-900,8556131385,TRANSACTION,2024-07-20,41735.32,12095.96
ACC8945346,CUS95642518,065-900,9138692808,SAVINGS,2023-02-07,14268.0,
ACC3872305,CUS22345689,017-000,8763218232,TRANSACTION,2025-03-06,69478.53,14253.43
ACC2027256,CUS85069126,105-000,9958007981,TRANSACTION,2021-11-17,76608.32,7022.12
ACC8748517,CUS43233617,065-000,4368057363,OFFSET,2022-02-16,78589.69,
ACC3805453,CUS43719511,105-000,9823825787,SAVINGS,2024-12-20,56546.57,
ACC5630929,CUS49803981,017-000,0101492988,SAVINGS,2023-12-20,74729.18,
ACC3940992,CUS14353283,015-000,5747103088,SAVINGS,2023-08-05,54291.47,
ACC9686446,CUS11983359,032-900,1834913179,TRANSACTION,2025-08-26,76391.4,16483.09
ACC6478766,CUS73004507,065-000,4525018913,SAVINGS,2021-09-03,57274.23,
ACC7523811,CUS31487931,017-000,6118397525,TRANSACTION,2024-10-27,59913.41,5851.76
ACC8207917,CUS19858735,105-000,8945747541,TRANSACTION,2022-01-24,11413.2,13082.19
ACC3466366,CUS64458362,066-000,4239444623,SAVINGS,2023-04-15,72462.14,
ACC0659997,CUS82241204,036-000,1204762294,SAVINGS,2021-06-22,8465.74,
ACC2324358,CUS96990527,017-000,1905568142,SAVINGS,2022-09-27,61775.9,
ACC6251895,CUS69373267,032-000,2453908969,OFFSET,2021-12-22,13056.32,
ACC8222499,CUS10508926,065-900,2238278507,TRANSACTION,2024-04-21,60594.93,7170.41
ACC3907915,CUS05249370,105-000,2467103712,SAVINGS,2022-01-26,61613.64,
ACC9703228,CUS57201662,036-000,7274220314,TRANSACTION,2025-01-07,68101.48,2671.37
ACC9757939,CUS53229785,124-000,2496160909,TRANSACTION,2023-06-09,14475.2,18553.43
ACC2779319,CUS38551359,032-900,9512558567,SAVINGS,2024-08-11,60045.75,
ACC0252890,CUS99788008,065-000,7318475016,SAVINGS,2024-10-05,45652.97,
ACC9044792,CUS85246384,013-000,4799746255,SAVINGS,2024-11-27,79133.41,
ACC9566878,CUS72611657,065-900,5827240461,TRANSACTION,2024-01-24,37707.65,5470.61
ACC5617492,CUS06719828,013-000,3611314702,SAVINGS,2025-12-21,36983.7,
ACC1818569,CUS14812588,105-000,0812145855,SAVINGS,2024-10-06,59061.12,
ACC6255897,CUS76211981,105-000,5816017887,TRANSACTION,2022-08-01,15856.32,12997.18
ACC9600761,CUS62196074,032-900,1778989845,TRANSACTION,2025-10-11,7395.65,14046.61
ACC5903295,CUS99933761,064-100,9368182683,TRANSACTION,2024-09-17,74898.12,2122.94
ACC4642473,CUS65433108,062-900,2834139844,TRANSACTION,2021-07-02,21726.05,7933.26
ACC0134255,CUS97480704,062-200,2883441714,TRANSACTION,2025-06-18,55575.1,3118.24
ACC7988517,CUS15917983,083-000,9231181098,SAVINGS,2026-01-22,32730.62,
ACC3724272,CUS84777794,105-000,1154209458,SAVINGS,2023-12-23,73332.37,
ACC8144259,CUS79350207,015-000,1706835108,TRANSACTION,2021-10-27,17920.72,4404.24
ACC6013815,CUS44200692,124-000,1869436779,TRANSACTION,2026-03-16,48656.25,9485.22
ACC0122826,CUS72499766,065-900,1862735895,TRANSACTION,2025-03-21,54587.18,12724.66
ACC6909571,CUS21969378,083-000,3866099996,TRANSACTION,2021-06-03,29261.9,18510.4
ACC0891790,CUS27453006,063-000,0865568497,TRANSACTION,2024-11-14,72279.61,5638.82
ACC0317738,CUS52782740,064-100,3768900296,SAVINGS,2022-10-17,41867.15,
ACC8999579,CUS89090722,063-100,0692036331,TRANSACTION,2025-10-22,39361.82,18180.01
ACC5901681,CUS22770794,065-900,0276049068,TRANSACTION,2025-06-07,41303.2,10222.37
ACC3485273,CUS61449288,032-000,1821117992,TRANSACTION,2022-02-24,64649.77,15019.04
ACC0472331,CUS23796024,032-900,1227701151,TRANSACTION,2026-02-26,59791.46,12409.6
ACC6720371,CUS11238374,033-000,3892607985,SAVINGS,2022-02-28,5568.91,
ACC6428017,CUS48111951,062-000,8671639340,OFFSET,2025-09-10,38029.66,
ACC7319075,CUS69811217,015-000,1780012626,SAVINGS,2022-12-22,11266.59,
ACC5339403,CUS22001975,032-900,9600978286,OFFSET,2024-05-01,30907.13,
ACC1740603,CUS71111472,032-900,8140169414,SAVINGS,2023-09-29,77149.48,
ACC2233029,CUS75442456,014-000,0829331879,SAVINGS,2025-03-18,79431.32,
ACC4674525,CUS26769631,062-900,7721776341,TRANSACTION,2025-10-08,18203.87,2062.52
ACC5266814,CUS42756803,062-200,4249806494,TRANSACTION,2024-03-28,57667.97,9634.3
ACC2718275,CUS33799414,062-900,2549878405,SAVINGS,2025-11-25,28019.7,
ACC5152994,CUS58309537,065-000,9914841500,OFFSET,2025-09-11,58139.4,
ACC9235595,CUS26832911,063-000,5412465909,TRANSACTION,2024-08-22,33829.63,15788.96
ACC5443341,CUS54934727,062-100,5992232927,SAVINGS,2025-07-16,8521.29,
ACC6381131,CUS86974580,033-000,5617655476,TRANSACTION,2021-09-15,56411.26,2876.17
ACC7715206,CUS98949527,033-000,9359327863,TRANSACTION,2023-12-21,43410.9,15578.94
ACC7353793,CUS20162960,062-100,2947284412,TRANSACTION,2025-05-26,23496.44,16684.15
ACC0171059,CUS73317907,017-000,9279244321,SAVINGS,2024-07-22,70162.54,
ACC3689171,CUS97567276,016-000,1973547931,SAVINGS,2022-05-28,5346.13,
ACC4226031,CUS18332694,124-000,1002692916,TRANSACTION,2024-02-03,4227.29,8199.47
ACC7432002,CUS94489262,032-900,0319318806,TRANSACTION,2024-08-27,32956.6,7397.99
ACC9713903,CUS08730999,124-000,0939843357,SAVINGS,2022-08-21,18414.89,
ACC9126019,CUS84925866,124-000,1906501886,OFFSET,2022-05-10,45209.68,
ACC0595622,CUS08053255,062-900,9789660634,SAVINGS,2023-04-18,20772.15,
ACC1338529,CUS15031390,067-000,7632065836,OFFSET,2024-03-21,67847.1,
ACC6634264,CUS96206034,063-100,6350734597,SAVINGS,2022-11-24,30484.85,
ACC5639843,CUS33619653,062-000,6091497782,SAVINGS,2023-08-02,61054.87,
ACC9554634,CUS38274525,016-000,1134775436,SAVINGS,2023-06-20,72609.11,
ACC7376733,CUS96108343,065-000,8050152900,SAVINGS,2025-11-06,15606.88,
ACC4388652,CUS89080333,083-000,2106880740,OFFSET,2021-09-30,55802.29,
ACC1468200,CUS71176211,016-000,7540300551,OFFSET,2022-12-09,44390.3,
ACC5181442,CUS31901643,015-000,8261389967,TRANSACTION,2022-10-19,52073.35,7551.6
ACC3451555,CUS95206712,017-000,7262802951,TRANSACTION,2022-01-06,64323.92,15003.44
ACC6177423,CUS52576960,067-000,9616230214,SAVINGS,2024-08-11,33407.45,
ACC2424957,CUS98463618,036-000,4429591030,SAVINGS,2025-09-01,21231.54,
ACC7721367,CUS97510557,032-900,2069901169,SAVINGS,2023-07-22,26724.29,
ACC4148443,CUS03196332,062-900,1962239699,TRANSACTION,2025-09-10,52541.33,14327.24
ACC2571997,CUS68160798,015-000,0505892764,OFFSET,2022-12-30,51514.71,
ACC2094357,CUS75022474,065-900,0192078344,SAVINGS,2024-10-31,63700.55,
ACC7900138,CUS49589673,064-100,0952586091,TRANSACTION,2023-03-13,39321.15,18504.19
ACC8941506,CUS96633898,032-000,4552045819,SAVINGS,2025-09-11,67812.44,
ACC0124543,CUS76007266,062-000,4575742123,TRANSACTION,2022-01-07,67482.3,6165.8
ACC2223467,CUS75993783,064-000,3241264425,SAVINGS,2025-04-24,36752.77,
ACC0456094,CUS91159544,032-000,4884271442,TRANSACTION,2023-08-10,74745.35,18429.53
ACC7118450,CUS71719319,065-900,4300124312,SAVINGS,2026-03-04,44355.66,
ACC2356820,CUS19507690,062-000,4329267993,TRANSACTION,2025-05-16,22341.89,19594.63
ACC2791854,CUS00585185,032-000,7651247565,TRANSACTION,2024-04-21,54085.62,16511.02
ACC2142697,CUS82338781,064-000,1669915034,OFFSET,2023-05-16,42188.64,
ACC2589319,CUS28351092,066-000,9465014448,TRANSACTION,2024-10-22,20567.25,8379.94
ACC3441625,CUS79916294,062-900,3791807535,SAVINGS,2024-06-22,32779.18,
ACC3178298,CUS51960415,036-000,3222491212,SAVINGS,2025-09-27,54881.31,
ACC2990318,CUS59618895,063-000,2009092509,SAVINGS,2025-03-27,30651.49,
ACC1629886,CUS68017673,065-900,9956381492,TRANSACTION,2021-07-23,56376.19,3488.35
ACC4935865,CUS41341553,032-900,4212863734,TRANSACTION,2023-11-07,68707.84,3716.51
ACC5334867,CUS04573850,062-100,0661196106,SAVINGS,2024-07-07,69515.29,
ACC6077836,CUS91566266,065-900,4720941094,SAVINGS,2026-01-02,6410.67,
ACC5768919,CUS05577991,105-000,1730829311,TRANSACTION,2026-04-22,3115.69,18717.79
